"Sample","RQ_Biomass","CFE_Biomass","Treatment","Treatments","Bottle"
100,0.3898028,0.959081,"100",100,3
100,0.4369387,0.318365,"100",100,4
100,0.7339303,1.670815,"100",100,5
200,1.419721,1.00567,"200",200,7
200,1.568723,0.927509,"200",200,8
500,3.83841958390698,0.6779,"500",500,11
500,5.01142171773334,0.92787,"500",500,12
500,5.29777957762147,1.43394,"500",500,13
1000,10.0799738209447,1.29755,"1000",1000,15
1000,10.4991317554417,1.14079,"1000",1000,16
